{
   "DeviceInfo" : [
      {
         "AutoFrameRateState" : 0,
         "BandWidth" : 0,
         "Cam_Bright" : -1,
         "Cam_Height" : 0,
         "Cam_Quality" : 0,
         "Cam_Voice" : 0,
         "Cam_Width" : 0,
         "Clipboard" : 1,
         "CurPathList" : null,
         "DecodeType" : 0,
         "EncodeFormat" : 0,
         "EncodeType" : 0,
         "Fps" : 0,
         "HD" : 1,
         "Height" : 824,
         "LastLocalPath" : "C:\\Users\\qingxiao_ren\\Desktop",
         "LastRemotePath" : "C:\\Users\\AAAAA\\Desktop\\2022-09-28 new setup\\EMS Firmware",
         "PassEx" : "476be8c343cf4682272e2287e7c804428b71dffddf580af01fc3671f60a38a0ae526956f56739f6d840eacf603e42862bb70c21fa40eb5ef",
         "PrivacyScreen" : 0,
         "Quality" : 0,
         "ResolutionX" : 0,
         "ResolutionY" : 0,
         "ScreenId" : 0,
         "ScreenMode" : 0,
         "ShowCursor" : 0,
         "UserId" : "463433135",
         "Voice" : 0,
         "Width" : 1396
      }
   ]
}
