{
   "UserInfo" : [
      {
         "AutoFrameRateState" : 0,
         "BandWidth" : 0,
         "Cam_Bright" : -1,
         "Cam_Height" : 0,
         "Cam_Quality" : 0,
         "Cam_Voice" : 0,
         "Cam_Width" : 0,
         "Clipboard" : 1,
         "CurPathList" : null,
         "DecodeType" : 0,
         "EncodeFormat" : 0,
         "EncodeType" : 0,
         "Fps" : 0,
         "HD" : 1,
         "Height" : 806,
         "LastLocalPath" : "",
         "LastRemotePath" : "",
         "PassEx" : "6a21ebf20d7b2f2d025ade9bf68b5e776af244ecc51b65a393f3d97edd36ab22ebe4a48553e813b7735f1ea0f1e6e30d4bb7c7c6ad71",
         "PrivacyScreen" : 0,
         "Quality" : 0,
         "ResolutionX" : 0,
         "ResolutionY" : 0,
         "ScreenId" : 0,
         "ScreenMode" : 0,
         "ShowCursor" : 0,
         "UserId" : "401997875",
         "UserImage" : "",
         "UserName" : "fv-az365-328",
         "Voice" : 0,
         "Width" : 1025
      },
      {
         "AutoFrameRateState" : 0,
         "BandWidth" : 0,
         "Cam_Bright" : -1,
         "Cam_Height" : 0,
         "Cam_Quality" : 0,
         "Cam_Voice" : 0,
         "Cam_Width" : 0,
         "Clipboard" : 1,
         "CurPathList" : null,
         "DecodeType" : 0,
         "EncodeFormat" : 0,
         "EncodeType" : 0,
         "Fps" : 0,
         "HD" : 1,
         "Height" : 805,
         "LastLocalPath" : "",
         "LastRemotePath" : "",
         "PassEx" : "a82530a584f866394873d9cfdd445c07ecba5121dbf70e6309cd692772301de428792c787cd826d0d955a510da0b19befb46f54c210e",
         "PrivacyScreen" : 0,
         "Quality" : 0,
         "ResolutionX" : 0,
         "ResolutionY" : 0,
         "ScreenId" : 0,
         "ScreenMode" : 0,
         "ShowCursor" : 0,
         "UserId" : "783456413",
         "UserImage" : "",
         "UserName" : "fv-az448-22",
         "Voice" : 0,
         "Width" : 1024
      },
      {
         "AutoFrameRateState" : 0,
         "BandWidth" : 0,
         "Cam_Bright" : -1,
         "Cam_Height" : 0,
         "Cam_Quality" : 0,
         "Cam_Voice" : 0,
         "Cam_Width" : 0,
         "Clipboard" : 1,
         "CurPathList" : null,
         "DecodeType" : 0,
         "EncodeFormat" : 0,
         "EncodeType" : 0,
         "Fps" : 0,
         "HD" : 1,
         "Height" : 824,
         "LastLocalPath" : "E:\\github\\abp_next",
         "LastRemotePath" : "C:\\Users\\runneradmin\\Desktop",
         "PassEx" : "ed122eb0506a9915f5facc38b86c2cb8df75e47323aa9b222bf34569f02b0d384f8140f451242f7fa9cbd2d450b08d61027a1fbe6eaa",
         "PrivacyScreen" : 0,
         "Quality" : 0,
         "ResolutionX" : 0,
         "ResolutionY" : 0,
         "ScreenId" : 0,
         "ScreenMode" : 0,
         "ShowCursor" : 0,
         "UserId" : "520598975",
         "UserImage" : "",
         "UserName" : "fv-az369-46",
         "Voice" : 0,
         "Width" : 1536
      },
      {
         "AutoFrameRateState" : 0,
         "BandWidth" : 0,
         "Cam_Bright" : -1,
         "Cam_Height" : 0,
         "Cam_Quality" : 0,
         "Cam_Voice" : 0,
         "Cam_Width" : 0,
         "Clipboard" : 1,
         "CurPathList" : null,
         "DecodeType" : 0,
         "EncodeFormat" : 0,
         "EncodeType" : 0,
         "Fps" : 0,
         "HD" : 1,
         "Height" : 804,
         "LastLocalPath" : "",
         "LastRemotePath" : "",
         "PassEx" : "a1d2289d60ad4278688b40bbdf067ce5e814971745d25a2163af4fb03f138f980876a33fb3a6936676589a24a24e6314a819ff0eb2d3",
         "PrivacyScreen" : 0,
         "Quality" : 0,
         "ResolutionX" : 0,
         "ResolutionY" : 0,
         "ScreenId" : 0,
         "ScreenMode" : 0,
         "ShowCursor" : 0,
         "UserId" : "376203961",
         "UserImage" : "",
         "UserName" : "fv-az277-711",
         "Voice" : 0,
         "Width" : 1024
      },
      {
         "AutoFrameRateState" : 0,
         "BandWidth" : 0,
         "Cam_Bright" : -1,
         "Cam_Height" : 0,
         "Cam_Quality" : 0,
         "Cam_Voice" : 0,
         "Cam_Width" : 0,
         "Clipboard" : 1,
         "CurPathList" : null,
         "DecodeType" : 0,
         "EncodeFormat" : 0,
         "EncodeType" : 0,
         "Fps" : 0,
         "HD" : 1,
         "Height" : 805,
         "LastLocalPath" : "",
         "LastRemotePath" : "",
         "PassEx" : "cdfd7ff18b05b7202e290cb01c8d66d0740eeabc3866f79be6cf15ce30dc233d7ea94958148b75b159de64f396b8bb73998ceed4ee29",
         "PrivacyScreen" : 0,
         "Quality" : 0,
         "ResolutionX" : 0,
         "ResolutionY" : 0,
         "ScreenId" : 0,
         "ScreenMode" : 0,
         "ShowCursor" : 0,
         "UserId" : "352137769",
         "UserImage" : "",
         "UserName" : "fv-az479-998",
         "Voice" : 0,
         "Width" : 1024
      }
   ]
}
