{
   "UserInfo" : [
      {
         "Height" : 1030,
         "LastPath" : "",
         "PassEx" : "5fe1156e736cd3140bdcc7a92771a3d1dcfa78474cc2481a793e638f439ef61a83a3680773df386fa97441218b4fc7c17285f247b1ea",
         "PrivacyScreen" : 0,
         "Quality" : 0,
         "ResolutionX" : 0,
         "ResolutionY" : 0,
         "ScreenMode" : 0,
         "UserId" : "613195912",
         "UserImage" : "",
         "UserName" : "DESKTOP-DN5M64Q",
         "Voice" : 0,
         "Width" : 1763
      },
      {
         "Height" : 806,
         "LastPath" : "",
         "PassEx" : "7210d8dd7878b578e514a512abf5422dba961979bb08ddbd6f04d2da18de4ce482321393182d20d6d7b0526663b5e17f7b7483293aab",
         "PrivacyScreen" : 0,
         "Quality" : 0,
         "ResolutionX" : 0,
         "ResolutionY" : 0,
         "ScreenMode" : 0,
         "UserId" : "450617527",
         "UserImage" : "",
         "UserName" : "TIGER",
         "Voice" : 0,
         "Width" : 1368
      }
   ]
}
